Current,Constituency,Winner,LAB,CON,RFM,LDM,GRN,YOUR,SNP,PLC,Oth,Electorate,Turnout
LAB,Aberafan Maesteg,RFM,0.233,0.051,0.37,0.041,0.037,0.063,0,0.204,0.002,"72,580",49.30%
SNP,Aberdeen North,SNP,0.142,0.119,0.262,0.05,0.043,0.018,0.367,0,0,"75,925",55.40%
SNP,Aberdeen South,SNP,0.118,0.212,0.191,0.052,0.048,0.025,0.352,0,0.001,"77,328",59.90%
SNP,Aberdeenshire North and Moray East,SNP,0.039,0.229,0.312,0.054,0.025,0.012,0.329,0,0,"70,058",54.50%
LAB,Airdrie and Shotts,SNP,0.248,0.043,0.25,0.022,0.023,0.083,0.331,0,0,"70,199",52.20%
LAB,Aldershot,RFM,0.255,0.209,0.375,0.077,0.053,0.027,0,0,0.003,"78,553",61.80%
CON,Aldridge-Brownhills,RFM,0.139,0.267,0.488,0.04,0.046,0.021,0,0,0,"70,268",58.20%
LAB,Alloa and Grangemouth,SNP,0.225,0.067,0.294,0.029,0.048,0.032,0.298,0,0.007,"70,680",58.30%
LAB,Altrincham and Sale West,LAB,0.265,0.253,0.231,0.09,0.09,0.064,0,0,0.007,"74,025",69.50%
LAB,Alyn and Deeside,RFM,0.231,0.111,0.4,0.069,0.053,0.059,0,0.071,0.005,"75,790",57.30%
LAB,Amber Valley,RFM,0.189,0.154,0.534,0.035,0.056,0.033,0,0,0,"71,546",59.40%
SNP,Angus and Perthshire Glens,SNP,0.063,0.241,0.189,0.048,0.023,0.014,0.418,0,0.004,"76,668",61.80%
SNP,Arbroath and Broughty Ferry,SNP,0.148,0.127,0.255,0.044,0.034,0.015,0.376,0,0,"76,149",57.90%
SNP,"Argyll, Bute and South Lochaber",SNP,0.079,0.168,0.198,0.139,0.029,0.015,0.366,0,0.006,"71,756",62.50%
CON,Arundel and South Downs,CON,0.093,0.307,0.283,0.175,0.113,0.028,0,0,0.002,"77,969",70.20%
RFM,Ashfield,RFM,0.172,0.059,0.598,0.02,0.038,0.029,0,0,0.084,"68,929",57.90%
LAB,Ashford,RFM,0.184,0.191,0.438,0.046,0.096,0.032,0,0,0.013,"76,233",61.60%
LAB,Ashton-under-Lyne,RFM,0.247,0.074,0.492,0.037,0.076,0.065,0,0,0.009,"71,002",49.90%
LAB,Aylesbury,RFM,0.165,0.216,0.3,0.214,0.064,0.034,0,0,0.007,"79,169",63.10%
LAB,"Ayr, Carrick and Cumnock",RFM,0.176,0.194,0.287,0.028,0.037,0.019,0.26,0,0,"70,340",58.20%
LAB,Banbury,RFM,0.239,0.238,0.311,0.09,0.072,0.035,0,0,0.014,"73,250",65.80%
LAB,Bangor Aberconwy,PLC,0.152,0.13,0.252,0.046,0.043,0.036,0,0.341,0,"70,527",59.10%
LAB,Barking,RFM,0.28,0.089,0.325,0.032,0.16,0.103,0,0,0.012,"79,822",45.70%
LAB,Barnsley North,RFM,0.257,0.05,0.546,0.035,0.056,0.041,0,0,0.016,"78,274",47.10%
LAB,Barnsley South,RFM,0.237,0.052,0.58,0.031,0.048,0.038,0,0,0.014,"75,853",46.20%
LAB,Barrow and Furness,RFM,0.251,0.221,0.393,0.043,0.049,0.039,0,0,0.004,"74,980",56.30%
CON,Basildon and Billericay,RFM,0.155,0.209,0.508,0.047,0.051,0.024,0,0,0.006,"76,873",54.80%
LAB,Basingstoke,RFM,0.277,0.222,0.302,0.066,0.09,0.037,0,0,0.007,"78,487",62.40%
LAB,Bassetlaw,RFM,0.233,0.185,0.456,0.042,0.053,0.03,0,0,0,"78,161",57.40%
LDM,Bath,LDM,0.094,0.106,0.173,0.411,0.141,0.051,0,0,0.024,"69,662",69.10%
LAB,Bathgate and Linlithgow,SNP,0.245,0.067,0.271,0.048,0.047,0.037,0.283,0,0.002,"72,185",58.30%
LAB,Battersea,LAB,0.335,0.18,0.147,0.102,0.117,0.103,0,0,0.016,"72,827",64.60%
CON,Beaconsfield,CON,0.081,0.313,0.264,0.264,0.05,0.018,0,0,0.011,"72,751",65.60%
LAB,Beckenham and Penge,LAB,0.319,0.187,0.248,0.084,0.092,0.07,0,0,0,"77,198",67.60%
LAB,Bedford,LAB,0.301,0.157,0.285,0.101,0.076,0.059,0,0,0.021,"72,478",56.10%
LAB,Bermondsey and Old Southwark,LAB,0.288,0.059,0.191,0.217,0.139,0.1,0,0,0.006,"69,482",54.10%
CON,"Berwickshire, Roxburgh and Selkirk",CON,0.053,0.356,0.214,0.069,0.04,0.019,0.246,0,0.002,"76,438",60.90%
LAB,Bethnal Green and Stepney,YRP,0.203,0.035,0.107,0.087,0.143,0.416,0,0,0.01,"81,439",57.30%
CON,Beverley and Holderness,RFM,0.18,0.255,0.412,0.072,0.05,0.032,0,0,0,"71,994",62.40%
CON,Bexhill and Battle,RFM,0.151,0.248,0.402,0.07,0.077,0.029,0,0,0.025,"72,198",66.10%
LAB,Bexleyheath and Crayford,RFM,0.195,0.209,0.468,0.045,0.053,0.031,0,0,0,"70,297",61.80%
LDM,Bicester and Woodstock,LDM,0.09,0.207,0.245,0.38,0.058,0.022,0,0,0,"74,353",67.50%
LAB,Birkenhead,LAB,0.303,0.049,0.288,0.05,0.205,0.105,0,0,0,"78,091",55.20%
LAB,Birmingham Edgbaston,LAB,0.292,0.155,0.283,0.058,0.086,0.104,0,0,0.021,"71,787",52.10%
LAB,Birmingham Erdington,RFM,0.249,0.099,0.465,0.033,0.079,0.056,0,0,0.019,"77,463",44.10%
LAB,Birmingham Hall Green and Moseley,YRP,0.218,0.073,0.163,0.107,0.112,0.306,0,0,0.021,"76,936",54.10%
LAB,Birmingham Hodge Hill and Solihull North,RFM,0.163,0.085,0.401,0.028,0.071,0.233,0,0,0.018,"77,737",43.90%
LAB,Birmingham Ladywood,YRP,0.259,0.046,0.107,0.044,0.099,0.426,0,0,0.019,"83,693",43.70%
LAB,Birmingham Northfield,RFM,0.211,0.171,0.431,0.046,0.081,0.055,0,0,0.004,"74,048",50.80%
MIN,Birmingham Perry Barr,YRP,0.215,0.077,0.17,0.032,0.069,0.417,0,0,0.019,"76,350",49.10%
LAB,Birmingham Selly Oak,RFM,0.268,0.104,0.343,0.06,0.13,0.075,0,0,0.02,"75,678",50.80%
LAB,Birmingham Yardley,RFM,0.185,0.069,0.319,0.086,0.061,0.261,0,0,0.019,"73,203",49.40%
LAB,Bishop Auckland,RFM,0.223,0.169,0.482,0.036,0.06,0.03,0,0,0,"70,745",57.10%
MIN,Blackburn,YRP,0.177,0.064,0.299,0.02,0.047,0.378,0,0,0.014,"73,263",53.10%
LAB,Blackley and Middleton South,RFM,0.287,0.064,0.42,0.047,0.107,0.075,0,0,0,"72,303",43.30%
LAB,Blackpool North and Fleetwood,RFM,0.228,0.18,0.492,0.032,0.037,0.031,0,0,0.002,"73,339",57.00%
LAB,Blackpool South,RFM,0.245,0.092,0.557,0.031,0.041,0.03,0,0,0.004,"77,460",45.40%
LAB,Blaenau Gwent and Rhymney,RFM,0.24,0.068,0.324,0.057,0.057,0.064,0,0.179,0.01,"70,153",42.70%
LAB,Blaydon and Consett,RFM,0.271,0.084,0.47,0.051,0.071,0.053,0,0,0,"70,487",59.90%
LAB,Blyth and Ashington,RFM,0.273,0.086,0.504,0.034,0.055,0.048,0,0,0,"76,595",52.70%
CON,Bognor Regis and Littlehampton,RFM,0.161,0.231,0.447,0.088,0.05,0.022,0,0,0,"76,854",62.20%
LAB,Bolsover,RFM,0.223,0.162,0.438,0.033,0.092,0.051,0,0,0,"77,207",55.00%
LAB,Bolton North East,RFM,0.22,0.13,0.441,0.033,0.109,0.064,0,0,0.004,"80,011",54.20%
LAB,Bolton South and Walkden,RFM,0.242,0.073,0.462,0.037,0.077,0.099,0,0,0.009,"79,622",46.40%
LAB,Bolton West,RFM,0.226,0.182,0.395,0.041,0.099,0.057,0,0,0,"74,933",59.50%
LAB,Bootle,LAB,0.438,0.033,0.278,0.04,0.119,0.092,0,0,0,"73,037",53.20%
RFM,Boston and Skegness,RFM,0.109,0.239,0.555,0.033,0.044,0.021,0,0,0,"75,811",53.40%
LAB,Bournemouth East,RFM,0.253,0.217,0.329,0.069,0.076,0.036,0,0,0.019,"72,354",62.10%
LAB,Bournemouth West,RFM,0.216,0.199,0.378,0.096,0.074,0.037,0,0,0,"70,259",56.10%
LAB,Bracknell,RFM,0.208,0.232,0.373,0.095,0.057,0.029,0,0,0.006,"71,660",61.20%
LAB,Bradford East,RFM,0.236,0.064,0.284,0.048,0.074,0.276,0,0,0.019,"75,164",49.50%
LAB,Bradford South,RFM,0.201,0.09,0.456,0.029,0.095,0.111,0,0,0.018,"70,999",46.50%
LAB,Bradford West,YRP,0.184,0.06,0.2,0.026,0.105,0.407,0,0,0.019,"77,897",47.60%
CON,Braintree,RFM,0.145,0.251,0.459,0.051,0.064,0.023,0,0,0.008,"77,673",63.10%
LDM,"Brecon, Radnor and Cwm Tawe",LDM,0.087,0.156,0.236,0.397,0.03,0.023,0,0.072,0,"73,114",63.70%
LAB,Brent East,LAB,0.348,0.132,0.161,0.076,0.134,0.119,0,0,0.03,"77,547",48.70%
LAB,Brent West,LAB,0.295,0.292,0.142,0.077,0.084,0.11,0,0,0,"80,027",51.70%
LAB,Brentford and Isleworth,LAB,0.3,0.174,0.23,0.089,0.117,0.084,0,0,0.007,"79,423",57.00%
CON,Brentwood and Ongar,RFM,0.12,0.254,0.472,0.096,0.042,0.016,0,0,0,"75,352",64.10%
LAB,Bridgend,RFM,0.221,0.102,0.364,0.056,0.056,0.042,0,0.147,0.012,"73,168",56.50%
CON,Bridgwater,RFM,0.149,0.214,0.445,0.118,0.049,0.021,0,0,0.004,"71,571",56.10%
CON,Bridlington and The Wolds,RFM,0.13,0.234,0.497,0.063,0.047,0.026,0,0,0.003,"74,438",57.70%
CON,Brigg and Immingham,RFM,0.139,0.256,0.495,0.034,0.051,0.026,0,0,0,"73,099",58.20%
LAB,Brighton Kemptown and Peacehaven,LAB,0.253,0.132,0.196,0.091,0.213,0.105,0,0,0.01,"68,784",59.20%
GRN,Brighton Pavilion,GRN,0.15,0.056,0.116,0.028,0.557,0.091,0,0,0.002,"74,786",70.00%
GRN,Bristol Central,GRN,0.187,0.039,0.069,0.026,0.587,0.092,0,0,0,"62,735",69.10%
LAB,Bristol East,GRN,0.246,0.083,0.255,0.048,0.281,0.079,0,0,0.009,"75,917",60.70%
LAB,Bristol North East,LAB,0.289,0.1,0.285,0.046,0.202,0.068,0,0,0.01,"70,076",59.90%
LAB,Bristol North West,LAB,0.321,0.095,0.228,0.081,0.193,0.083,0,0,0,"74,869",64.70%
LAB,Bristol South,RFM,0.247,0.075,0.284,0.055,0.25,0.088,0,0,0,"75,533",57.50%
CON,Broadland and Fakenham,RFM,0.175,0.238,0.389,0.097,0.074,0.027,0,0,0,"76,863",64.40%
CON,Bromley and Biggin Hill,RFM,0.183,0.262,0.378,0.085,0.063,0.029,0,0,0,"70,713",66.20%
CON,Bromsgrove,RFM,0.147,0.239,0.406,0.128,0.043,0.022,0,0,0.016,"76,468",65.90%
CON,Broxbourne,RFM,0.153,0.27,0.429,0.057,0.064,0.026,0,0,0,"75,210",57.10%
LAB,Broxtowe,RFM,0.246,0.146,0.387,0.073,0.084,0.052,0,0,0.011,"70,440",67.90%
LAB,Buckingham and Bletchley,RFM,0.228,0.232,0.352,0.082,0.068,0.033,0,0,0.006,"74,832",63.70%
LAB,Burnley,RFM,0.166,0.123,0.403,0.214,0.042,0.052,0,0,0,"74,954",53.00%
LAB,Burton and Uttoxeter,RFM,0.202,0.213,0.459,0.038,0.056,0.031,0,0,0,"77,994",58.50%
LAB,Bury North,RFM,0.27,0.2,0.385,0.035,0.045,0.058,0,0,0.007,"77,686",58.60%
LAB,Bury South,RFM,0.281,0.154,0.382,0.046,0.077,0.057,0,0,0.004,"75,326",56.00%
LAB,Bury St Edmunds and Stowmarket,RFM,0.183,0.198,0.377,0.055,0.126,0.052,0,0,0.008,"78,479",64.80%
PLC,Caerfyrddin,PLC,0.113,0.115,0.269,0.042,0.044,0.029,0,0.389,0,"74,005",61.60%
LAB,Caerphilly,RFM,0.171,0.059,0.323,0.054,0.042,0.056,0,0.296,0,"72,648",52.60%
LDM,"Caithness, Sutherland and Easter Ross",LDM,0.033,0.035,0.21,0.416,0.043,0.014,0.249,0,0,"74,627",61.70%
LAB,Calder Valley,RFM,0.264,0.184,0.355,0.054,0.089,0.055,0,0,0,"77,364",64.10%
LAB,Camborne and Redruth,RFM,0.236,0.168,0.416,0.08,0.071,0.028,0,0,0,"74,342",64.30%
LAB,Cambridge,LAB,0.308,0.084,0.123,0.184,0.183,0.107,0,0,0.011,"70,321",59.90%
LAB,Cannock Chase,RFM,0.19,0.182,0.523,0.026,0.053,0.026,0,0,0,"76,974",55.80%
LAB,Canterbury,RFM,0.25,0.146,0.321,0.074,0.142,0.067,0,0,0,"71,155",66.40%
LAB,Cardiff East,LDM,0.183,0.061,0.207,0.233,0.107,0.077,0,0.132,0,"72,876",53.70%
LAB,Cardiff North,LAB,0.237,0.137,0.228,0.092,0.08,0.069,0,0.156,0,"71,460",66.40%
LAB,Cardiff South and Penarth,LAB,0.225,0.086,0.2,0.1,0.159,0.106,0,0.125,0,"73,060",53.60%
LAB,Cardiff West,PLC,0.174,0.086,0.212,0.053,0.08,0.072,0,0.322,0.001,"75,697",59.10%
LAB,Carlisle,RFM,0.228,0.187,0.435,0.059,0.054,0.034,0,0,0.003,"77,863",59.10%
LDM,Carshalton and Wallington,LDM,0.073,0.19,0.27,0.414,0.038,0.016,0,0,0,"74,362",62.80%
CON,Castle Point,RFM,0.112,0.24,0.552,0.029,0.048,0.017,0,0,0,"71,026",57.20%
LAB,Central Ayrshire,SNP,0.219,0.134,0.276,0.026,0.037,0.031,0.278,0,0,"69,413",59.70%
CON,Central Devon,RFM,0.18,0.236,0.333,0.141,0.082,0.028,0,0,0,"75,385",70.90%
CON,Central Suffolk and North Ipswich,RFM,0.127,0.222,0.386,0.092,0.126,0.046,0,0,0,"73,046",63.60%
PLC,Ceredigion Preseli,PLC,0.043,0.049,0.18,0.167,0.046,0.03,0,0.485,0,"75,690",61.20%
LAB,Chatham and Aylesford,RFM,0.176,0.193,0.49,0.047,0.063,0.03,0,0,0,"75,109",54.40%
LDM,Cheadle,LDM,0.087,0.145,0.235,0.474,0.04,0.019,0,0,0,"74,383",68.20%
LDM,Chelmsford,LDM,0.063,0.215,0.286,0.377,0.038,0.02,0,0,0.001,"76,970",65.90%
LAB,Chelsea and Fulham,CON,0.275,0.342,0.173,0.081,0.078,0.051,0,0,0,"78,468",60.00%
LDM,Cheltenham,LDM,0.031,0.257,0.144,0.469,0.065,0.026,0,0,0.008,"76,144",65.10%
LDM,Chesham and Amersham,LDM,0.037,0.26,0.209,0.436,0.038,0.02,0,0,0,"74,889",72.70%
LAB,Chester North and Neston,LAB,0.314,0.15,0.303,0.05,0.113,0.071,0,0,0,"70,215",63.70%
CON,Chester South and Eddisbury,CON,0.205,0.314,0.278,0.098,0.058,0.03,0,0,0.017,"74,284",70.70%
LAB,Chesterfield,RFM,0.269,0.127,0.418,0.059,0.073,0.055,0,0,0,"71,645",58.00%
LDM,Chichester,LDM,0.033,0.163,0.313,0.438,0.038,0.014,0,0,0.002,"78,374",66.30%
CON,Chingford and Woodford Green,YRP,0.186,0.268,0.191,0.03,0.035,0.272,0,0,0.019,"74,010",65.50%
LDM,Chippenham,LDM,0.044,0.203,0.26,0.429,0.044,0.014,0,0,0.006,"74,107",66.80%
LAB,Chipping Barnet,LAB,0.298,0.296,0.198,0.055,0.084,0.066,0,0,0.002,"78,038",65.20%
SPKR,Chorley,SPK,0,0,0,0,0.178,0.065,0,0,0.757,"74,801",45.40%
CON,Christchurch,RFM,0.079,0.245,0.408,0.186,0.047,0.017,0,0,0.018,"71,060",66.60%
LAB,Cities of London and Westminster,CON,0.276,0.277,0.175,0.111,0.096,0.065,0,0,0,"73,369",53.40%
LAB,City of Durham,RFM,0.272,0.081,0.377,0.129,0.084,0.057,0,0,0,"70,583",57.60%
RFM,Clacton,RFM,0.093,0.179,0.624,0.039,0.045,0.016,0,0,0.003,"78,245",58.70%
LAB,Clapham and Brixton Hill,LAB,0.387,0.079,0.104,0.14,0.165,0.119,0,0,0.005,"83,114",51.40%
LAB,Clwyd East,RFM,0.213,0.199,0.309,0.065,0.05,0.034,0,0.131,0,"76,637",62.40%
LAB,Clwyd North,RFM,0.185,0.218,0.327,0.062,0.047,0.035,0,0.124,0.002,"75,027",55.50%
LAB,Coatbridge and Bellshill,SNP,0.25,0.036,0.212,0.02,0.039,0.075,0.369,0,0,"72,667",53.30%
LAB,Colchester,RFM,0.273,0.158,0.345,0.133,0.065,0.027,0,0,0,"78,662",57.10%
LAB,Colne Valley,RFM,0.25,0.209,0.354,0.044,0.089,0.054,0,0,0,"72,638",63.60%
LAB,Congleton,RFM,0.236,0.212,0.388,0.055,0.052,0.034,0,0,0.023,"72,914",68.70%
LAB,Corby and East Northamptonshire,RFM,0.247,0.206,0.383,0.045,0.063,0.053,0,0,0.004,"78,770",63.00%
LAB,Coventry East,RFM,0.299,0.113,0.399,0.036,0.087,0.065,0,0,0,"75,773",48.80%
LAB,Coventry North West,RFM,0.277,0.126,0.403,0.045,0.09,0.052,0,0,0.006,"75,036",56.00%
LAB,Coventry South,RFM,0.204,0.197,0.334,0.066,0.069,0.126,0,0,0.004,"76,232",56.10%
LAB,Cowdenbeath and Kirkcaldy,SNP,0.233,0.068,0.252,0.041,0.05,0.071,0.285,0,0,"71,845",56.80%
LAB,Cramlington and Killingworth,RFM,0.289,0.112,0.444,0.041,0.058,0.049,0,0,0.006,"76,228",59.60%
LAB,Crawley,RFM,0.235,0.195,0.403,0.048,0.067,0.052,0,0,0,"75,569",60.40%
LAB,Crewe and Nantwich,RFM,0.257,0.146,0.446,0.048,0.057,0.046,0,0,0,"77,095",61.20%
LAB,Croydon East,RFM,0.265,0.196,0.297,0.074,0.107,0.062,0,0,0,"76,595",57.20%
CON,Croydon South,CON,0.238,0.355,0.207,0.091,0.072,0.035,0,0,0.002,"74,889",65.90%
LAB,Croydon West,LAB,0.363,0.132,0.158,0.099,0.132,0.116,0,0,0,"77,891",48.90%
LAB,Cumbernauld and Kirkintilloch,SNP,0.215,0.041,0.235,0.028,0.049,0.064,0.367,0,0,"70,350",58.20%
LAB,Dagenham and Rainham,RFM,0.235,0.106,0.464,0.028,0.105,0.054,0,0,0.009,"76,475",50.80%
LAB,Darlington,RFM,0.231,0.229,0.361,0.042,0.078,0.06,0,0,0,"70,672",60.00%
LAB,Dartford,RFM,0.189,0.219,0.438,0.044,0.075,0.034,0,0,0,"75,426",59.00%
CON,Daventry,RFM,0.151,0.24,0.413,0.106,0.062,0.028,0,0,0,"80,879",65.60%
LAB,Derby North,RFM,0.268,0.163,0.385,0.045,0.087,0.052,0,0,0,"71,879",56.90%
LAB,Derby South,RFM,0.224,0.09,0.46,0.045,0.055,0.117,0,0,0.009,"72,944",51.30%
LAB,Derbyshire Dales,RFM,0.2,0.24,0.36,0.089,0.071,0.034,0,0,0.004,"73,324",69.90%
MIN,Dewsbury and Batley,YRP,0.169,0.061,0.31,0.027,0.05,0.367,0,0,0.016,"71,685",53.10%
LDM,Didcot and Wantage,LDM,0.076,0.205,0.254,0.385,0.059,0.02,0,0,0,"80,689",67.80%
LAB,Doncaster Central,RFM,0.276,0.131,0.45,0.035,0.061,0.047,0,0,0,"74,678",50.80%
LAB,Doncaster East and the Isle of Axholme,RFM,0.209,0.215,0.47,0.032,0.045,0.03,0,0,0,"70,154",55.80%
LAB,Doncaster North,RFM,0.27,0.12,0.472,0.032,0.062,0.044,0,0,0,"69,759",44.40%
LDM,Dorking and Horley,LDM,0.041,0.213,0.285,0.388,0.056,0.017,0,0,0,"71,645",69.70%
LAB,Dover and Deal,RFM,0.217,0.129,0.491,0.051,0.073,0.034,0,0,0.005,"76,406",62.50%
CON,Droitwich and Evesham,RFM,0.117,0.289,0.399,0.085,0.085,0.026,0,0,0,"76,624",64.70%
LAB,Dudley,RFM,0.175,0.186,0.531,0.029,0.037,0.032,0,0,0.009,"70,151",51.00%
LAB,Dulwich and West Norwood,LAB,0.412,0.064,0.103,0.073,0.215,0.13,0,0,0.004,"79,894",56.80%
CON,Dumfries and Galloway,RFM,0.112,0.249,0.285,0.04,0.036,0.023,0.254,0,0,"78,541",58.30%
CON,"Dumfriesshire, Clydesdale and Tweeddale",CON,0.101,0.3,0.255,0.051,0.044,0.024,0.225,0,0,"71,900",61.50%
SNP,Dundee Central,SNP,0.184,0.039,0.182,0.053,0.035,0.063,0.444,0,0.001,"74,221",52.30%
LAB,Dunfermline and Dollar,SNP,0.24,0.068,0.212,0.067,0.06,0.069,0.282,0,0.002,"72,824",61.20%
LAB,Dunstable and Leighton Buzzard,RFM,0.186,0.218,0.388,0.123,0.056,0.028,0,0,0,"76,742",60.00%
PLC,Dwyfor Meirionnydd,PLC,0.061,0.055,0.191,0.037,0.038,0.03,0,0.589,0,"73,040",55.30%
LAB,Ealing Central and Acton,LAB,0.331,0.131,0.165,0.129,0.142,0.099,0,0,0.004,"78,436",60.90%
LAB,Ealing North,LAB,0.34,0.143,0.241,0.064,0.121,0.084,0,0,0.007,"74,820",57.80%
LAB,Ealing Southall,LAB,0.371,0.13,0.169,0.07,0.134,0.116,0,0,0.01,"78,669",59.50%
LAB,Earley and Woodley,CON,0.284,0.315,0.13,0.133,0.094,0.044,0,0,0,"73,548",62.40%
LAB,Easington,RFM,0.249,0.064,0.571,0.027,0.039,0.05,0,0,0,"69,395",49.50%
CON,East Grinstead and Uckfield,CON,0.102,0.292,0.229,0.202,0.119,0.031,0,0,0.025,"75,385",66.80%
LAB,East Ham,LAB,0.341,0.08,0.107,0.037,0.125,0.301,0,0,0.011,"79,219",47.80%
CON,East Hampshire,LDM,0.052,0.289,0.261,0.321,0.056,0.021,0,0,0,"70,659",70.80%
LAB,East Kilbride and Strathaven,SNP,0.25,0.066,0.241,0.025,0.049,0.063,0.306,0,0,"76,414",61.10%
LAB,East Renfrewshire,SNP,0.246,0.167,0.179,0.029,0.048,0.034,0.298,0,0,"74,626",67.30%
CON,East Surrey,RFM,0.103,0.263,0.363,0.173,0.066,0.021,0,0,0.012,"73,307",67.10%
LAB,East Thanet,RFM,0.225,0.14,0.424,0.033,0.111,0.06,0,0,0.007,"74,927",57.00%
CON,East Wiltshire,RFM,0.129,0.266,0.363,0.17,0.051,0.021,0,0,0,"74,139",63.70%
LAB,East Worthing and Shoreham,RFM,0.288,0.18,0.345,0.063,0.075,0.045,0,0,0.003,"74,738",65.70%
LDM,Eastbourne,LDM,0.032,0.168,0.273,0.481,0.034,0.013,0,0,0,"72,590",62.80%
LDM,Eastleigh,LDM,0.074,0.222,0.285,0.333,0.057,0.025,0,0,0.005,"69,965",66.30%
LAB,Edinburgh East and Musselburgh,SNP,0.204,0.051,0.145,0.037,0.125,0.082,0.353,0,0.003,"76,188",59.80%
LAB,Edinburgh North and Leith,SNP,0.227,0.064,0.122,0.067,0.15,0.085,0.284,0,0.001,"78,411",63.10%
LAB,Edinburgh South,LAB,0.301,0.081,0.142,0.056,0.113,0.125,0.177,0,0.003,"70,838",66.10%
LAB,Edinburgh South West,SNP,0.221,0.107,0.155,0.061,0.108,0.063,0.284,0,0.001,"73,784",61.90%
LDM,Edinburgh West,LDM,0.069,0.05,0.131,0.473,0.054,0.025,0.196,0,0.002,"76,490",68.60%
LAB,Edmonton and Winchmore Hill,LAB,0.339,0.14,0.225,0.07,0.114,0.088,0,0,0.024,"75,792",54.20%
LAB,Ellesmere Port and Bromborough,RFM,0.346,0.077,0.379,0.055,0.074,0.066,0,0,0.003,"70,799",59.30%
LAB,Eltham and Chislehurst,RFM,0.259,0.188,0.362,0.054,0.08,0.053,0,0,0.004,"73,979",61.60%
LDM,Ely and East Cambridgeshire,LDM,0.088,0.229,0.28,0.322,0.057,0.024,0,0,0.001,"79,112",66.20%
LAB,Enfield North,LAB,0.309,0.142,0.282,0.062,0.107,0.079,0,0,0.019,"78,770",55.20%
CON,Epping Forest,RFM,0.143,0.285,0.357,0.097,0.06,0.025,0,0,0.033,"72,229",57.80%
LDM,Epsom and Ewell,LDM,0.086,0.229,0.241,0.38,0.04,0.023,0,0,0,"76,513",71.30%
LAB,Erewash,RFM,0.23,0.175,0.441,0.05,0.061,0.038,0,0,0.004,"71,501",60.10%
LAB,Erith and Thamesmead,RFM,0.33,0.1,0.333,0.048,0.106,0.081,0,0,0.003,"78,740",51.30%
LDM,Esher and Walton,LDM,0.032,0.226,0.186,0.508,0.031,0.017,0,0,0,"74,042",72.80%
LAB,Exeter,LAB,0.279,0.105,0.266,0.097,0.163,0.085,0,0,0.006,"67,840",59.20%
CON,Exmouth and Exeter East,RFM,0.146,0.221,0.313,0.23,0.059,0.025,0,0,0.006,"79,983",64.20%
LAB,Falkirk,SNP,0.215,0.071,0.256,0.027,0.054,0.032,0.34,0,0.004,"73,584",57.90%
CON,Fareham and Waterlooville,RFM,0.113,0.254,0.384,0.18,0.049,0.02,0,0,0,"76,947",65.10%
CON,Farnham and Bordon,LDM,0.073,0.287,0.247,0.319,0.056,0.018,0,0,0,"75,920",69.80%
CON,Faversham and Mid Kent,RFM,0.149,0.225,0.425,0.075,0.098,0.029,0,0,0,"74,301",62.70%
LAB,Feltham and Heston,RFM,0.287,0.162,0.32,0.051,0.086,0.069,0,0,0.025,"76,982",50.50%
LAB,Filton and Bradley Stoke,RFM,0.273,0.194,0.308,0.072,0.099,0.055,0,0,0,"77,582",64.90%
LAB,Finchley and Golders Green,LAB,0.337,0.302,0.15,0.074,0.082,0.051,0,0,0.003,"77,500",63.60%
LAB,Folkestone and Hythe,RFM,0.173,0.161,0.489,0.037,0.094,0.046,0,0,0,"70,056",61.70%
LAB,Forest of Dean,RFM,0.189,0.222,0.379,0.051,0.11,0.048,0,0,0,"72,857",66.00%
LDM,Frome and East Somerset,LDM,0.065,0.162,0.281,0.322,0.118,0.045,0,0,0.008,"71,593",65.30%
CON,Fylde,RFM,0.176,0.24,0.412,0.046,0.045,0.032,0,0,0.049,"77,100",62.20%
CON,Gainsborough,RFM,0.146,0.25,0.442,0.089,0.049,0.025,0,0,0,"75,836",61.60%
LAB,Gateshead Central and Whickham,RFM,0.264,0.07,0.416,0.105,0.085,0.059,0,0,0,"69,827",57.60%
LAB,Gedling,RFM,0.278,0.151,0.384,0.053,0.074,0.057,0,0,0.003,"77,006",63.30%
LAB,Gillingham and Rainham,RFM,0.215,0.193,0.443,0.051,0.061,0.032,0,0,0.004,"73,523",56.00%
LAB,Glasgow East,SNP,0.208,0.043,0.194,0.023,0.091,0.082,0.359,0,0,"68,987",51.40%
LAB,Glasgow North,SNP,0.206,0.038,0.146,0.028,0.143,0.098,0.341,0,0,"67,579",51.40%
LAB,Glasgow North East,SNP,0.225,0.035,0.202,0.019,0.08,0.093,0.346,0,0,"72,610",47.00%
LAB,Glasgow South,SNP,0.207,0.037,0.129,0.03,0.155,0.097,0.345,0,0,"70,219",60.40%
LAB,Glasgow South West,SNP,0.209,0.037,0.185,0.025,0.092,0.081,0.37,0,0,"68,871",51.80%
LAB,Glasgow West,SNP,0.238,0.042,0.16,0.03,0.112,0.083,0.335,0,0,"69,028",57.80%
LDM,Glastonbury and Somerton,LDM,0.034,0.188,0.326,0.378,0.06,0.014,0,0,0,"73,268",65.00%
LAB,Glenrothes and Mid Fife,SNP,0.195,0.044,0.277,0.034,0.022,0.065,0.363,0,0,"70,655",51.10%
LAB,Gloucester,RFM,0.231,0.21,0.366,0.094,0.061,0.035,0,0,0.004,"79,475",57.50%
CON,Godalming and Ash,LDM,0.03,0.342,0.193,0.391,0.03,0.014,0,0,0,"75,816",72.10%
CON,Goole and Pocklington,RFM,0.167,0.278,0.401,0.063,0.059,0.027,0,0,0.005,"79,925",62.20%
CON,Gordon and Buchan,SNP,0.042,0.27,0.234,0.126,0.031,0.012,0.286,0,0,"69,605",63.00%
LAB,Gorton and Denton,LAB,0.319,0.058,0.31,0.042,0.153,0.108,0,0,0.01,"76,524",47.80%
CON,Gosport,RFM,0.137,0.3,0.402,0.082,0.05,0.024,0,0,0.004,"73,261",60.40%
LAB,Gower,RFM,0.215,0.123,0.329,0.076,0.06,0.066,0,0.131,0.001,"76,123",62.00%
CON,Grantham and Bourne,RFM,0.14,0.264,0.441,0.043,0.065,0.029,0,0,0.018,"73,285",62.90%
LAB,Gravesham,RFM,0.213,0.22,0.439,0.036,0.059,0.032,0,0,0,"73,094",59.10%
LAB,Great Grimsby and Cleethorpes,RFM,0.22,0.128,0.555,0.03,0.037,0.031,0,0,0,"76,157",48.10%
RFM,Great Yarmouth,RFM,0.188,0.177,0.522,0.031,0.052,0.027,0,0,0.003,"73,317",55.60%
LAB,Greenwich and Woolwich,LAB,0.38,0.085,0.178,0.088,0.159,0.106,0,0,0.004,"73,073",58.50%
LDM,Guildford,LDM,0.048,0.228,0.189,0.464,0.054,0.018,0,0,0,"70,662",68.30%
LAB,Hackney North and Stoke Newington,LAB,0.393,0.063,0.086,0.041,0.256,0.152,0,0,0.008,"77,812",52.60%
LAB,Hackney South and Shoreditch,LAB,0.392,0.041,0.094,0.048,0.267,0.159,0,0,0,"78,277",53.30%
LAB,Halesowen,RFM,0.215,0.181,0.458,0.054,0.059,0.033,0,0,0,"68,549",56.30%
LAB,Halifax,RFM,0.203,0.12,0.413,0.053,0.11,0.091,0,0,0.009,"77,516",51.90%
CON,Hamble Valley,RFM,0.083,0.271,0.323,0.254,0.049,0.02,0,0,0,"79,478",67.90%
LAB,Hamilton and Clyde Valley,SNP,0.248,0.089,0.251,0.034,0.03,0.073,0.273,0,0,"75,480",55.80%
LAB,Hammersmith and Chiswick,LAB,0.364,0.142,0.161,0.095,0.126,0.112,0,0,0,"75,860",60.70%
LAB,Hampstead and Highgate,LAB,0.336,0.124,0.148,0.123,0.163,0.102,0,0,0.004,"80,029",60.70%
CON,"Harborough, Oadby and Wigston",CON,0.194,0.303,0.274,0.089,0.101,0.04,0,0,0,"77,075",65.40%
LAB,Harlow,RFM,0.198,0.217,0.46,0.032,0.06,0.033,0,0,0,"74,683",58.10%
LDM,Harpenden and Berkhamsted,LDM,0.043,0.223,0.177,0.492,0.043,0.023,0,0,0,"72,242",75.20%
LDM,Harrogate and Knaresborough,LDM,0.046,0.208,0.245,0.438,0.04,0.016,0,0,0.006,"77,955",66.80%
CON,Harrow East,CON,0.196,0.509,0.136,0.039,0.057,0.037,0,0,0.027,"76,513",62.40%
LAB,Harrow West,LAB,0.315,0.268,0.17,0.061,0.071,0.103,0,0,0.012,"79,902",56.60%
LAB,Hartlepool,RFM,0.266,0.129,0.509,0.022,0.033,0.028,0,0,0.013,"71,437",49.70%
CON,Harwich and North Essex,RFM,0.169,0.244,0.427,0.066,0.067,0.026,0,0,0,"76,296",63.00%
LAB,Hastings and Rye,RFM,0.232,0.144,0.361,0.054,0.141,0.066,0,0,0.001,"75,939",60.60%
CON,Havant,RFM,0.153,0.212,0.472,0.066,0.07,0.027,0,0,0,"72,323",58.30%
LAB,Hayes and Harlington,LAB,0.351,0.173,0.278,0.043,0.07,0.085,0,0,0,"74,405",51.50%
LDM,Hazel Grove,LDM,0.111,0.12,0.329,0.369,0.045,0.026,0,0,0,"72,846",63.10%
LAB,Hemel Hempstead,RFM,0.228,0.193,0.381,0.101,0.064,0.033,0,0,0,"71,035",62.10%
LAB,Hendon,CON,0.262,0.331,0.194,0.054,0.075,0.084,0,0,0,"74,865",55.10%
LDM,Henley and Thame,LDM,0.039,0.244,0.217,0.436,0.046,0.018,0,0,0,"73,749",72.10%
CON,Hereford and South Herefordshire,RFM,0.154,0.237,0.395,0.1,0.083,0.029,0,0,0.002,"72,203",63.10%
CON,Herne Bay and Sandwich,RFM,0.151,0.246,0.447,0.05,0.079,0.028,0,0,0,"77,869",62.70%
LAB,Hertford and Stortford,RFM,0.23,0.215,0.349,0.075,0.096,0.035,0,0,0,"78,915",68.40%
CON,Hertsmere,CON,0.165,0.372,0.298,0.073,0.058,0.027,0,0,0.006,"73,465",65.30%
LAB,Hexham,LAB,0.292,0.287,0.251,0.051,0.062,0.04,0,0,0.016,"76,431",67.80%
LAB,Heywood and Middleton North,RFM,0.224,0.1,0.475,0.054,0.078,0.052,0,0,0.018,"73,328",50.60%
LAB,High Peak,RFM,0.274,0.216,0.324,0.039,0.088,0.06,0,0,0,"74,385",66.20%
CON,Hinckley and Bosworth,RFM,0.078,0.256,0.379,0.222,0.038,0.025,0,0,0.002,"76,407",62.60%
LAB,Hitchin,RFM,0.293,0.215,0.308,0.092,0.067,0.025,0,0,0,"75,877",69.20%
LAB,Holborn and St Pancras,LAB,0.354,0.058,0.16,0.062,0.126,0.218,0,0,0.022,"71,300",54.10%
LDM,Honiton and Sidmouth,LDM,0.033,0.21,0.28,0.425,0.034,0.014,0,0,0.005,"75,537",67.10%
CON,Hornchurch and Upminster,RFM,0.136,0.214,0.528,0.043,0.053,0.022,0,0,0.004,"75,438",62.20%
LAB,Hornsey and Friern Barnet,LAB,0.384,0.064,0.108,0.131,0.183,0.13,0,0,0,"69,885",69.60%
LDM,Horsham,LDM,0.06,0.258,0.239,0.376,0.047,0.021,0,0,0,"79,150",70.10%
LAB,Houghton and Sunderland South,RFM,0.245,0.078,0.535,0.05,0.05,0.043,0,0,0,"78,448",51.00%
LAB,Hove and Portslade,LAB,0.333,0.092,0.208,0.061,0.172,0.117,0,0,0.016,"74,063",70.10%
LAB,Huddersfield,RFM,0.201,0.095,0.3,0.039,0.241,0.124,0,0,0,"77,795",51.60%
CON,Huntingdon,RFM,0.188,0.275,0.348,0.088,0.073,0.027,0,0,0,"79,074",65.80%
LAB,Hyndburn,RFM,0.177,0.18,0.41,0.031,0.133,0.07,0,0,0,"67,147",54.20%
LAB,Ilford North,YRP,0.23,0.132,0.193,0.026,0.046,0.363,0,0,0.009,"78,657",59.60%
LAB,Ilford South,YRP,0.253,0.107,0.152,0.035,0.094,0.337,0,0,0.02,"80,993",50.80%
LAB,Inverclyde and Renfrewshire West,SNP,0.24,0.063,0.202,0.036,0.037,0.066,0.353,0,0.003,"70,126",57.50%
LDM,"Inverness, Skye and West Ross-shire",SNP,0.057,0.044,0.175,0.314,0.051,0.019,0.34,0,0,"77,927",61.70%
LAB,Ipswich,RFM,0.272,0.186,0.353,0.048,0.09,0.051,0,0,0,"75,396",58.50%
CON,Isle of Wight East,RFM,0.096,0.205,0.413,0.081,0.178,0.022,0,0,0.006,"55,855",61.00%
LAB,Isle of Wight West,RFM,0.237,0.197,0.387,0.071,0.078,0.03,0,0,0,"55,406",61.90%
MIN,Islington North,YRP,0.211,0.034,0.108,0.034,0.073,0.529,0,0,0.01,"72,852",67.30%
LAB,Islington South and Finsbury,LAB,0.345,0.063,0.173,0.087,0.199,0.127,0,0,0.007,"74,122",57.70%
LAB,Jarrow and Gateshead East,RFM,0.259,0.055,0.519,0.044,0.068,0.056,0,0,0,"70,272",52.30%
CON,Keighley and Ilkley,CON,0.227,0.335,0.249,0.03,0.062,0.072,0,0,0.024,"74,367",62.10%
CON,Kenilworth and Southam,RFM,0.124,0.283,0.294,0.202,0.072,0.025,0,0,0,"74,923",71.20%
LAB,Kensington and Bayswater,CON,0.279,0.288,0.159,0.074,0.077,0.097,0,0,0.026,"77,306",54.20%
LAB,Kettering,RFM,0.203,0.186,0.363,0.028,0.144,0.066,0,0,0.01,"79,360",63.30%
LAB,Kilmarnock and Loudoun,SNP,0.218,0.068,0.258,0.021,0.041,0.034,0.357,0,0.003,"74,628",56.90%
LDM,Kingston and Surbiton,LDM,0.074,0.116,0.204,0.512,0.066,0.028,0,0,0,"77,353",65.50%
LAB,Kingston upon Hull East,RFM,0.219,0.053,0.543,0.082,0.056,0.047,0,0,0,"70,650",42.20%
LAB,Kingston upon Hull North and Cottingham,RFM,0.271,0.083,0.426,0.079,0.071,0.061,0,0,0.01,"75,280",50.80%
LAB,Kingston upon Hull West and Haltemprice,RFM,0.267,0.109,0.482,0.063,0.052,0.028,0,0,0,"73,252",52.10%
CON,Kingswinford and South Staffordshire,RFM,0.135,0.279,0.461,0.044,0.051,0.019,0,0,0.011,"71,645",63.10%
LAB,Knowsley,LAB,0.383,0.032,0.362,0.039,0.083,0.101,0,0,0,"71,964",50.10%
LAB,Lancaster and Wyre,RFM,0.253,0.146,0.355,0.038,0.14,0.068,0,0,0,"74,760",57.50%
LAB,Leeds Central and Headingley,LAB,0.301,0.055,0.167,0.075,0.252,0.15,0,0,0,"70,554",44.80%
LAB,Leeds East,RFM,0.283,0.111,0.401,0.039,0.1,0.064,0,0,0.003,"76,207",51.70%
LAB,Leeds North East,LAB,0.36,0.114,0.194,0.054,0.161,0.117,0,0,0,"70,178",64.40%
LAB,Leeds North West,LAB,0.303,0.15,0.292,0.112,0.086,0.056,0,0,0,"71,592",69.50%
LAB,Leeds South,RFM,0.29,0.079,0.29,0.038,0.179,0.119,0,0,0.004,"75,953",41.70%
LAB,Leeds South West and Morley,RFM,0.266,0.141,0.434,0.044,0.069,0.046,0,0,0,"71,854",56.00%
LAB,Leeds West and Pudsey,RFM,0.294,0.111,0.366,0.046,0.111,0.072,0,0,0,"70,069",54.90%
CON,Leicester East,CON,0.132,0.308,0.159,0.157,0.061,0.159,0,0,0.023,"76,560",61.00%
MIN,Leicester South,YRP,0.184,0.084,0.156,0.033,0.1,0.423,0,0,0.02,"70,867",59.00%
LAB,Leicester West,RFM,0.268,0.132,0.342,0.057,0.124,0.077,0,0,0,"74,102",47.80%
LAB,Leigh and Atherton,RFM,0.255,0.092,0.525,0.038,0.042,0.049,0,0,0,"79,978",51.50%
LDM,Lewes,LDM,0.037,0.177,0.257,0.475,0.041,0.012,0,0,0,"76,166",69.80%
LAB,Lewisham East,LAB,0.382,0.08,0.2,0.064,0.163,0.112,0,0,0,"73,380",55.40%
LAB,Lewisham North,LAB,0.383,0.048,0.108,0.071,0.244,0.143,0,0,0.003,"74,205",59.50%
LAB,Lewisham West and East Dulwich,LAB,0.401,0.056,0.117,0.073,0.222,0.131,0,0,0,"69,386",66.90%
LAB,Leyton and Wanstead,LAB,0.352,0.087,0.158,0.067,0.194,0.12,0,0,0.022,"71,491",61.20%
LAB,Lichfield,RFM,0.209,0.223,0.433,0.065,0.044,0.022,0,0,0.003,"76,118",64.50%
LAB,Lincoln,RFM,0.256,0.151,0.401,0.06,0.076,0.056,0,0,0,"72,315",58.30%
LAB,Liverpool Garston,LAB,0.398,0.054,0.27,0.086,0.088,0.1,0,0,0.004,"69,282",60.60%
LAB,Liverpool Riverside,LAB,0.367,0.03,0.216,0.049,0.179,0.159,0,0,0,"71,380",45.40%
LAB,Liverpool Walton,LAB,0.433,0.027,0.345,0.033,0.07,0.092,0,0,0,"69,317",53.20%
LAB,Liverpool Wavertree,LAB,0.353,0.036,0.193,0.067,0.191,0.143,0,0,0.016,"70,581",56.40%
LAB,Liverpool West Derby,LAB,0.439,0.033,0.304,0.043,0.084,0.097,0,0,0,"69,934",54.30%
LAB,Livingston,SNP,0.195,0.063,0.263,0.038,0.046,0.052,0.343,0,0,"78,043",57.50%
LAB,Llanelli,RFM,0.127,0.051,0.405,0.035,0.029,0.036,0,0.317,0,"71,538",57.00%
LAB,Lothian East,LAB,0.263,0.099,0.212,0.054,0.069,0.08,0.222,0,0,"75,456",63.70%
LAB,Loughborough,RFM,0.239,0.204,0.364,0.057,0.082,0.055,0,0,0,"68,961",61.30%
CON,Louth and Horncastle,RFM,0.106,0.246,0.506,0.044,0.061,0.024,0,0,0.014,"76,880",60.50%
LAB,Lowestoft,RFM,0.167,0.184,0.501,0.035,0.08,0.034,0,0,0,"74,332",56.30%
LAB,Luton North,RFM,0.262,0.138,0.329,0.055,0.066,0.126,0,0,0.023,"74,866",51.80%
LAB,Luton South and South Bedfordshire,RFM,0.232,0.121,0.291,0.059,0.072,0.205,0,0,0.02,"77,312",49.60%
LAB,Macclesfield,RFM,0.311,0.219,0.315,0.052,0.064,0.03,0,0,0.008,"74,876",70.50%
LDM,Maidenhead,LDM,0.059,0.277,0.173,0.414,0.047,0.021,0,0,0.008,"75,687",66.50%
CON,Maidstone and Malling,RFM,0.137,0.226,0.405,0.115,0.085,0.03,0,0,0.002,"76,449",60.70%
LAB,Makerfield,RFM,0.225,0.061,0.568,0.054,0.043,0.049,0,0,0,"76,641",52.50%
CON,Maldon,RFM,0.083,0.259,0.488,0.103,0.05,0.017,0,0,0,"78,282",63.70%
LAB,Manchester Central,LAB,0.323,0.053,0.248,0.068,0.177,0.128,0,0,0.003,"85,204",46.60%
LAB,Manchester Rusholme,LAB,0.349,0.049,0.119,0.042,0.266,0.165,0,0,0.01,"72,608",40.00%
LAB,Manchester Withington,LAB,0.354,0.043,0.114,0.122,0.219,0.146,0,0,0.002,"70,555",59.10%
LAB,Mansfield,RFM,0.213,0.204,0.481,0.023,0.04,0.035,0,0,0.004,"74,535",55.10%
LDM,Melksham and Devizes,LDM,0.051,0.237,0.277,0.368,0.05,0.017,0,0,0,"73,482",69.70%
CON,Melton and Syston,RFM,0.137,0.277,0.408,0.05,0.09,0.033,0,0,0.006,"74,316",61.90%
CON,Meriden and Solihull East,RFM,0.149,0.272,0.415,0.068,0.071,0.025,0,0,0,"73,659",59.80%
LAB,Merthyr Tydfil and Aberdare,RFM,0.209,0.046,0.392,0.049,0.039,0.061,0,0.204,0.001,"74,460",47.30%
LAB,Mid and South Pembrokeshire,RFM,0.181,0.219,0.327,0.076,0.052,0.036,0,0.108,0.001,"79,033",59.00%
CON,Mid Bedfordshire,RFM,0.183,0.259,0.379,0.074,0.063,0.025,0,0,0.017,"75,457",65.80%
CON,Mid Buckinghamshire,CON,0.088,0.3,0.267,0.256,0.065,0.024,0,0,0,"75,622",71.30%
LAB,Mid Cheshire,RFM,0.273,0.142,0.416,0.056,0.058,0.045,0,0,0.011,"70,384",59.00%
LAB,Mid Derbyshire,RFM,0.224,0.219,0.385,0.048,0.084,0.036,0,0,0.003,"69,917",68.00%
LDM,Mid Dorset and North Poole,LDM,0.042,0.269,0.237,0.383,0.049,0.019,0,0,0,"75,294",65.80%
LDM,Mid Dunbartonshire,LDM,0.096,0.045,0.139,0.4,0.045,0.024,0.252,0,0,"73,603",71.70%
CON,Mid Leicestershire,RFM,0.164,0.276,0.393,0.049,0.081,0.038,0,0,0,"75,924",63.30%
CON,Mid Norfolk,RFM,0.162,0.256,0.428,0.061,0.069,0.024,0,0,0,"75,238",61.00%
LDM,Mid Sussex,LDM,0.094,0.196,0.247,0.396,0.048,0.019,0,0,0,"75,969",70.20%
LAB,Middlesbrough and Thornaby East,RFM,0.274,0.113,0.442,0.032,0.048,0.066,0,0,0.026,"75,123",45.80%
LAB,Middlesbrough South and East Cleveland,RFM,0.248,0.273,0.353,0.047,0.045,0.034,0,0,0,"70,331",54.10%
LAB,Midlothian,SNP,0.237,0.061,0.231,0.049,0.028,0.075,0.318,0,0,"73,554",60.00%
LAB,Milton Keynes Central,RFM,0.279,0.209,0.285,0.095,0.084,0.048,0,0,0,"81,078",58.90%
LAB,Milton Keynes North,RFM,0.26,0.224,0.305,0.07,0.086,0.055,0,0,0,"70,709",65.00%
LAB,Mitcham and Morden,LAB,0.36,0.104,0.23,0.081,0.128,0.098,0,0,0,"77,282",58.60%
LAB,Monmouthshire,CON,0.234,0.281,0.239,0.085,0.073,0.041,0,0.046,0.001,"74,823",68.00%
LAB,Montgomeryshire and Glyndwr,RFM,0.117,0.094,0.336,0.193,0.047,0.028,0,0.185,0,"74,039",58.40%
SNP,"Moray West, Nairn and Strathspey",SNP,0.082,0.245,0.216,0.061,0.046,0.021,0.33,0,0,"77,243",60.30%
LAB,Morecambe and Lunesdale,RFM,0.243,0.197,0.377,0.092,0.057,0.034,0,0,0,"76,424",62.90%
LAB,"Motherwell, Wishaw and Carluke",SNP,0.241,0.054,0.245,0.023,0.038,0.063,0.336,0,0,"71,777",54.40%
LAB,Na h-Eileanan an Iar,SNP,0.262,0.046,0.192,0.038,0.037,0.078,0.341,0,0.006,"21,325",63.40%
LAB,Neath and Swansea East,RFM,0.193,0.052,0.397,0.068,0.044,0.055,0,0.19,0,"76,291",52.60%
CON,New Forest East,RFM,0.096,0.279,0.37,0.153,0.079,0.022,0,0,0,"70,618",64.00%
CON,New Forest West,RFM,0.118,0.25,0.368,0.173,0.07,0.021,0,0,0,"68,644",67.50%
CON,Newark,RFM,0.179,0.303,0.368,0.057,0.058,0.031,0,0,0.003,"79,783",67.00%
LDM,Newbury,LDM,0.042,0.262,0.232,0.381,0.063,0.02,0,0,0,"71,982",68.00%
LAB,Newcastle upon Tyne Central and West,RFM,0.274,0.067,0.403,0.046,0.092,0.073,0,0,0.045,"76,822",53.80%
LAB,Newcastle upon Tyne East and Wallsend,RFM,0.289,0.053,0.392,0.061,0.128,0.077,0,0,0,"76,245",55.50%
LAB,Newcastle upon Tyne North,LAB,0.312,0.094,0.27,0.121,0.125,0.075,0,0,0.003,"74,768",65.00%
LAB,Newcastle-under-Lyme,RFM,0.229,0.181,0.46,0.047,0.054,0.029,0,0,0,"67,815",58.40%
LAB,Newport East,RFM,0.225,0.104,0.356,0.078,0.064,0.072,0,0.095,0.007,"76,683",50.20%
LAB,Newport West and Islwyn,RFM,0.217,0.094,0.364,0.069,0.063,0.057,0,0.131,0.005,"75,785",55.40%
LDM,Newton Abbot,RFM,0.078,0.177,0.383,0.291,0.05,0.021,0,0,0,"73,885",65.00%
LAB,Newton Aycliffe and Spennymoor,RFM,0.268,0.121,0.492,0.038,0.051,0.028,0,0,0,"72,215",55.20%
LAB,Normanton and Hemsworth,RFM,0.252,0.077,0.533,0.033,0.062,0.043,0,0,0,"75,645",48.10%
LAB,North Ayrshire and Arran,SNP,0.187,0.12,0.26,0.024,0.041,0.026,0.342,0,0,"72,176",58.60%
CON,North Bedfordshire,RFM,0.156,0.298,0.357,0.095,0.07,0.024,0,0,0,"78,850",65.40%
LDM,North Cornwall,LDM,0.032,0.178,0.333,0.416,0.032,0.01,0,0,0,"76,741",66.80%
CON,North Cotswolds,RFM,0.085,0.26,0.28,0.27,0.076,0.024,0,0,0.005,"73,203",68.60%
LDM,North Devon,LDM,0.031,0.189,0.328,0.381,0.05,0.013,0,0,0.008,"79,079",65.00%
CON,North Dorset,RFM,0.044,0.258,0.332,0.297,0.047,0.018,0,0,0.003,"72,690",68.30%
LAB,North Durham,RFM,0.215,0.089,0.5,0.083,0.064,0.05,0,0,0,"73,226",56.80%
CON,North East Cambridgeshire,RFM,0.103,0.285,0.471,0.056,0.055,0.019,0,0,0.012,"71,511",54.80%
LAB,North East Derbyshire,RFM,0.214,0.237,0.403,0.047,0.059,0.038,0,0,0,"73,234",62.60%
LDM,North East Fife,LDM,0.044,0.037,0.147,0.48,0.05,0.017,0.226,0,0,"69,762",61.20%
LDM,North East Hampshire,LDM,0.053,0.278,0.25,0.367,0.034,0.017,0,0,0,"76,923",72.20%
LAB,North East Hertfordshire,RFM,0.211,0.217,0.362,0.092,0.087,0.031,0,0,0,"77,697",67.60%
LAB,North East Somerset and Hanham,RFM,0.26,0.213,0.347,0.071,0.076,0.031,0,0,0.002,"73,889",69.20%
GRN,North Herefordshire,GRN,0.034,0.186,0.313,0.022,0.423,0.022,0,0,0,"72,797",69.20%
LDM,North Norfolk,LDM,0.035,0.234,0.299,0.385,0.036,0.012,0,0,0,"71,438",65.90%
LAB,North Northumberland,RFM,0.231,0.179,0.374,0.097,0.054,0.03,0,0,0.035,"74,190",65.80%
LDM,North Shropshire,LDM,0.036,0.125,0.319,0.473,0.03,0.015,0,0,0.001,"77,573",63.90%
LAB,North Somerset,CON,0.24,0.266,0.254,0.133,0.076,0.031,0,0,0,"74,426",72.20%
LAB,North Warwickshire and Bedworth,RFM,0.185,0.192,0.519,0.03,0.048,0.026,0,0,0,"69,752",58.70%
LAB,North West Cambridgeshire,RFM,0.185,0.23,0.416,0.063,0.076,0.031,0,0,0,"75,915",58.50%
CON,North West Essex,RFM,0.181,0.285,0.325,0.106,0.069,0.026,0,0,0.009,"79,698",68.20%
CON,North West Hampshire,RFM,0.166,0.27,0.339,0.134,0.065,0.025,0,0,0,"78,629",64.60%
LAB,North West Leicestershire,RFM,0.197,0.223,0.428,0.034,0.065,0.036,0,0,0.016,"77,750",62.50%
CON,North West Norfolk,RFM,0.119,0.252,0.412,0.14,0.055,0.022,0,0,0,"74,415",59.90%
LAB,Northampton North,RFM,0.276,0.147,0.384,0.053,0.073,0.053,0,0,0.014,"75,575",55.30%
LAB,Northampton South,RFM,0.234,0.205,0.398,0.064,0.061,0.038,0,0,0,"70,393",62.40%
LAB,Norwich North,RFM,0.268,0.132,0.392,0.046,0.105,0.052,0,0,0.004,"73,717",62.10%
LAB,Norwich South,LAB,0.292,0.085,0.25,0.075,0.198,0.097,0,0,0.004,"76,296",59.10%
LAB,Nottingham East,LAB,0.368,0.082,0.225,0.051,0.143,0.124,0,0,0.008,"69,395",52.50%
LAB,Nottingham North and Kimberley,RFM,0.27,0.119,0.411,0.038,0.1,0.062,0,0,0,"73,768",47.50%
LAB,Nottingham South,RFM,0.304,0.111,0.343,0.062,0.106,0.075,0,0,0,"64,255",51.20%
LAB,Nuneaton,RFM,0.213,0.186,0.448,0.032,0.076,0.045,0,0,0,"71,843",57.40%
CON,Old Bexley and Sidcup,RFM,0.162,0.27,0.445,0.039,0.057,0.024,0,0,0.002,"73,198",65.10%
LAB,Oldham East and Saddleworth,RFM,0.234,0.114,0.446,0.078,0.048,0.063,0,0,0.018,"73,460",54.50%
LAB,"Oldham West, Chadderton and Royton",RFM,0.196,0.066,0.376,0.032,0.051,0.259,0,0,0.018,"76,031",50.70%
LDM,Orkney and Shetland,LDM,0.032,0.026,0.202,0.437,0.105,0.046,0.152,0,0,"34,236",60.40%
CON,Orpington,RFM,0.151,0.279,0.404,0.087,0.057,0.023,0,0,0,"71,284",64.60%
LAB,Ossett and Denby Dale,RFM,0.231,0.193,0.444,0.041,0.057,0.034,0,0,0,"72,312",60.70%
LAB,Oxford East,LAB,0.361,0.094,0.149,0.091,0.167,0.112,0,0,0.027,"71,845",54.80%
LDM,Oxford West and Abingdon,LDM,0.073,0.122,0.194,0.495,0.082,0.031,0,0,0.002,"69,851",65.90%
LAB,Paisley and Renfrewshire North,SNP,0.229,0.055,0.24,0.031,0.042,0.06,0.344,0,0,"71,103",58.40%
LAB,Paisley and Renfrewshire South,SNP,0.236,0.048,0.228,0.03,0.052,0.065,0.338,0,0.002,"71,574",57.70%
LAB,Peckham,LAB,0.402,0.047,0.115,0.066,0.223,0.139,0,0,0.008,"72,127",53.80%
LAB,Pendle and Clitheroe,RFM,0.206,0.229,0.406,0.045,0.038,0.056,0,0,0.019,"78,796",59.30%
LAB,Penistone and Stocksbridge,RFM,0.258,0.154,0.448,0.06,0.055,0.025,0,0,0,"70,435",62.40%
LAB,Penrith and Solway,RFM,0.254,0.206,0.365,0.089,0.052,0.031,0,0,0.002,"77,935",63.20%
SNP,Perth and Kinross-shire,SNP,0.083,0.243,0.169,0.056,0.033,0.015,0.395,0,0.004,"77,261",64.80%
LAB,Peterborough,RFM,0.205,0.241,0.319,0.044,0.069,0.101,0,0,0.021,"73,378",57.10%
LAB,Plymouth Moor View,RFM,0.228,0.186,0.47,0.04,0.045,0.032,0,0,0,"74,724",57.40%
LAB,Plymouth Sutton and Devonport,RFM,0.304,0.108,0.378,0.055,0.088,0.059,0,0,0.008,"75,313",55.90%
LAB,"Pontefract, Castleford and Knottingley",RFM,0.256,0.086,0.547,0.032,0.051,0.028,0,0,0,"74,618",48.20%
LAB,Pontypridd,RFM,0.201,0.058,0.345,0.055,0.053,0.067,0,0.212,0.009,"75,951",51.80%
LAB,Poole,RFM,0.197,0.219,0.382,0.11,0.057,0.026,0,0,0.008,"72,509",61.40%
LAB,Poplar and Limehouse,LAB,0.309,0.088,0.185,0.092,0.169,0.126,0,0,0.032,"84,116",51.20%
LAB,Portsmouth North,RFM,0.193,0.228,0.435,0.063,0.05,0.03,0,0,0,"70,446",59.00%
LAB,Portsmouth South,RFM,0.306,0.101,0.32,0.115,0.094,0.064,0,0,0,"73,711",52.80%
LAB,Preston,RFM,0.229,0.096,0.367,0.078,0.057,0.163,0,0,0.011,"77,400",51.70%
LAB,Putney,LAB,0.344,0.184,0.155,0.121,0.092,0.104,0,0,0,"72,686",67.80%
LAB,Queen's Park and Maida Vale,LAB,0.353,0.101,0.15,0.089,0.169,0.128,0,0,0.009,"75,558",50.70%
LAB,Rawmarsh and Conisbrough,RFM,0.245,0.076,0.544,0.034,0.056,0.045,0,0,0,"69,133",49.00%
CON,Rayleigh and Wickford,RFM,0.121,0.25,0.493,0.068,0.049,0.018,0,0,0,"76,576",62.70%
LAB,Reading Central,LAB,0.306,0.139,0.2,0.083,0.162,0.107,0,0,0.003,"73,600",61.50%
LAB,Reading West and Mid Berkshire,RFM,0.216,0.242,0.314,0.103,0.086,0.033,0,0,0.007,"68,781",67.70%
LAB,Redcar,RFM,0.231,0.22,0.427,0.043,0.044,0.034,0,0,0,"70,241",54.40%
LAB,Redditch,RFM,0.188,0.23,0.443,0.049,0.059,0.031,0,0,0,"71,042",59.60%
CON,Reigate,RFM,0.168,0.282,0.296,0.118,0.104,0.031,0,0,0,"77,102",68.90%
LAB,Rhondda and Ogmore,RFM,0.218,0.034,0.409,0.034,0.035,0.058,0,0.211,0,"74,493",48.10%
LAB,Ribble Valley,RFM,0.21,0.231,0.383,0.086,0.046,0.031,0,0,0.013,"80,484",64.60%
CON,Richmond and Northallerton,CON,0.125,0.378,0.334,0.082,0.057,0.025,0,0,0,"73,886",65.70%
LDM,Richmond Park,LDM,0.055,0.153,0.138,0.557,0.06,0.035,0,0,0.002,"74,988",68.70%
LAB,Rochdale,RFM,0.198,0.078,0.418,0.069,0.047,0.179,0,0,0.01,"72,507",54.70%
LAB,Rochester and Strood,RFM,0.202,0.197,0.467,0.04,0.062,0.03,0,0,0,"74,257",57.40%
CON,Romford,RFM,0.17,0.257,0.45,0.042,0.055,0.026,0,0,0,"72,928",60.40%
CON,Romsey and Southampton North,LDM,0.051,0.315,0.237,0.331,0.046,0.018,0,0,0.002,"71,871",69.60%
LAB,Rossendale and Darwen,RFM,0.226,0.19,0.455,0.03,0.06,0.039,0,0,0,"74,440",59.90%
LAB,Rother Valley,RFM,0.231,0.242,0.411,0.031,0.049,0.035,0,0,0,"69,459",59.90%
LAB,Rotherham,RFM,0.222,0.078,0.52,0.057,0.069,0.047,0,0,0.006,"75,929",48.60%
LAB,Rugby,RFM,0.244,0.215,0.382,0.062,0.063,0.031,0,0,0.002,"74,901",65.40%
CON,"Ruislip, Northwood and Pinner",CON,0.187,0.391,0.229,0.089,0.074,0.031,0,0,0,"71,683",65.70%
LAB,Runcorn and Helsby,RFM,0.316,0.099,0.395,0.053,0.079,0.059,0,0,0,"70,801",59.70%
CON,Runnymede and Weybridge,CON,0.101,0.315,0.28,0.224,0.051,0.023,0,0,0.006,"73,610",65.60%
LAB,Rushcliffe,LAB,0.292,0.231,0.267,0.057,0.096,0.051,0,0,0.005,"79,160",72.90%
LAB,Rutherglen,SNP,0.265,0.054,0.209,0.041,0.024,0.087,0.318,0,0.001,"72,674",58.50%
CON,Rutland and Stamford,CON,0.114,0.345,0.313,0.132,0.069,0.026,0,0,0,"71,763",67.70%
LAB,Salford,RFM,0.305,0.063,0.322,0.063,0.143,0.104,0,0,0,"83,633",47.50%
CON,Salisbury,CON,0.132,0.283,0.242,0.254,0.057,0.026,0,0,0.005,"71,802",69.90%
LAB,Scarborough and Whitby,RFM,0.216,0.184,0.471,0.043,0.051,0.036,0,0,0,"74,544",59.30%
LAB,Scunthorpe,RFM,0.228,0.2,0.456,0.027,0.04,0.033,0,0,0.015,"73,855",52.90%
LAB,Sefton Central,LAB,0.378,0.112,0.292,0.059,0.09,0.063,0,0,0.006,"74,284",63.90%
LAB,Selby,RFM,0.263,0.174,0.427,0.038,0.062,0.036,0,0,0,"78,043",63.10%
CON,Sevenoaks,RFM,0.066,0.264,0.376,0.228,0.046,0.019,0,0,0,"73,708",67.70%
LAB,Sheffield Brightside and Hillsborough,RFM,0.279,0.072,0.362,0.045,0.141,0.083,0,0,0.017,"70,389",44.90%
LAB,Sheffield Central,LAB,0.313,0.052,0.138,0.061,0.266,0.155,0,0,0.016,"60,594",52.50%
LAB,Sheffield Hallam,LDM,0.276,0.082,0.114,0.333,0.115,0.081,0,0,0,"72,900",70.80%
LAB,Sheffield Heeley,LAB,0.31,0.076,0.29,0.078,0.148,0.097,0,0,0,"73,452",52.30%
LAB,Sheffield South East,RFM,0.267,0.091,0.405,0.073,0.086,0.056,0,0,0.021,"74,156",48.20%
LAB,Sherwood Forest,RFM,0.221,0.177,0.471,0.037,0.052,0.034,0,0,0.009,"78,896",61.70%
LAB,Shipley,RFM,0.271,0.194,0.352,0.034,0.092,0.054,0,0,0.003,"74,130",65.20%
LAB,Shrewsbury,RFM,0.274,0.147,0.352,0.13,0.065,0.029,0,0,0.002,"76,599",67.30%
LAB,Sittingbourne and Sheppey,RFM,0.159,0.192,0.536,0.033,0.05,0.025,0,0,0.006,"79,067",51.90%
CON,Skipton and Ripon,RFM,0.174,0.264,0.364,0.077,0.083,0.032,0,0,0.005,"79,238",67.50%
CON,Sleaford and North Hykeham,RFM,0.14,0.263,0.462,0.046,0.061,0.027,0,0,0,"75,651",64.20%
LAB,Slough,LAB,0.214,0.126,0.21,0.049,0.056,0.203,0,0,0.142,"81,295",53.20%
LAB,Smethwick,RFM,0.311,0.091,0.379,0.034,0.095,0.069,0,0,0.021,"72,863",48.20%
CON,Solihull West and Shirley,RFM,0.122,0.261,0.337,0.169,0.078,0.028,0,0,0.007,"71,816",65.30%
RFM,South Basildon and East Thurrock,RFM,0.181,0.195,0.484,0.03,0.054,0.029,0,0,0.027,"72,673",54.40%
LDM,South Cambridgeshire,LDM,0.055,0.204,0.192,0.466,0.057,0.022,0,0,0.004,"77,327",71.00%
LDM,South Cotswolds,LDM,0.044,0.254,0.218,0.427,0.038,0.016,0,0,0.002,"71,971",72.70%
LAB,South Derbyshire,RFM,0.223,0.202,0.43,0.044,0.052,0.036,0,0,0.013,"73,714",62.00%
LDM,South Devon,LDM,0.035,0.209,0.279,0.425,0.037,0.015,0,0,0,"72,261",67.80%
LAB,South Dorset,RFM,0.195,0.203,0.377,0.142,0.055,0.025,0,0,0.002,"75,924",64.60%
LAB,South East Cornwall,RFM,0.183,0.188,0.409,0.146,0.051,0.023,0,0,0,"72,654",67.80%
CON,South Holland and The Deepings,RFM,0.102,0.262,0.48,0.038,0.046,0.019,0,0,0.053,"78,473",58.50%
CON,South Leicestershire,RFM,0.121,0.256,0.401,0.141,0.055,0.025,0,0,0,"78,511",65.40%
LAB,South Norfolk,RFM,0.215,0.202,0.352,0.101,0.096,0.032,0,0,0.003,"74,006",67.00%
CON,South Northamptonshire,RFM,0.168,0.271,0.365,0.082,0.068,0.03,0,0,0.015,"78,233",68.60%
LAB,South Ribble,RFM,0.256,0.191,0.418,0.06,0.044,0.033,0,0,0,"73,420",63.60%
LAB,South Shields,RFM,0.214,0.063,0.439,0.035,0.141,0.079,0,0,0.028,"68,366",53.90%
CON,South Shropshire,RFM,0.062,0.234,0.365,0.274,0.046,0.019,0,0,0,"76,677",67.40%
CON,South Suffolk,RFM,0.139,0.228,0.402,0.111,0.091,0.029,0,0,0,"74,619",65.40%
CON,South West Devon,RFM,0.162,0.253,0.389,0.097,0.068,0.026,0,0,0.004,"77,600",67.30%
CON,South West Hertfordshire,RFM,0.1,0.265,0.301,0.243,0.062,0.028,0,0,0,"71,737",67.30%
LAB,South West Norfolk,RFM,0.147,0.164,0.487,0.054,0.054,0.024,0,0,0.07,"74,724",59.30%
CON,South West Wiltshire,RFM,0.155,0.249,0.375,0.135,0.058,0.023,0,0,0.005,"73,071",63.20%
LAB,Southampton Itchen,RFM,0.239,0.179,0.384,0.065,0.082,0.051,0,0,0,"68,379",55.70%
LAB,Southampton Test,RFM,0.283,0.125,0.329,0.082,0.115,0.067,0,0,0,"65,520",54.60%
LAB,Southend East and Rochford,RFM,0.23,0.197,0.404,0.054,0.08,0.035,0,0,0,"70,217",56.50%
LAB,Southend West and Leigh,RFM,0.215,0.216,0.394,0.064,0.077,0.033,0,0,0.002,"75,154",62.50%
LAB,Southgate and Wood Green,LAB,0.358,0.126,0.18,0.086,0.148,0.102,0,0,0,"77,542",58.90%
LAB,Southport,RFM,0.227,0.176,0.375,0.119,0.061,0.032,0,0,0.011,"73,641",61.20%
CON,Spelthorne,RFM,0.124,0.229,0.379,0.182,0.058,0.028,0,0,0,"73,782",62.60%
LAB,Spen Valley,RFM,0.212,0.155,0.488,0.035,0.059,0.033,0,0,0.018,"72,642",56.50%
LDM,St Albans,LDM,0.053,0.117,0.179,0.553,0.067,0.03,0,0,0,"72,739",71.00%
LAB,St Austell and Newquay,RFM,0.191,0.195,0.433,0.089,0.059,0.028,0,0,0.005,"76,076",61.40%
LAB,St Helens North,RFM,0.296,0.066,0.445,0.042,0.095,0.057,0,0,0,"75,483",53.60%
LAB,St Helens South and Whiston,RFM,0.295,0.052,0.395,0.055,0.083,0.063,0,0,0.057,"71,569",53.10%
LDM,St Ives,LDM,0.032,0.139,0.281,0.488,0.042,0.014,0,0,0.004,"69,978",68.70%
LDM,St Neots and Mid Cambridgeshire,LDM,0.075,0.205,0.244,0.359,0.063,0.025,0,0,0.029,"78,115",67.70%
LAB,Stafford,RFM,0.247,0.205,0.406,0.038,0.073,0.031,0,0,0,"70,608",65.20%
CON,Staffordshire Moorlands,RFM,0.17,0.239,0.474,0.034,0.059,0.024,0,0,0,"69,892",62.00%
LAB,Stalybridge and Hyde,RFM,0.254,0.115,0.442,0.032,0.084,0.057,0,0,0.017,"72,265",51.50%
LAB,Stevenage,RFM,0.244,0.179,0.385,0.073,0.069,0.05,0,0,0,"70,976",60.20%
LAB,Stirling and Strathallan,SNP,0.165,0.167,0.2,0.045,0.063,0.023,0.337,0,0,"76,284",65.30%
LAB,Stockport,RFM,0.307,0.077,0.331,0.08,0.127,0.078,0,0,0,"76,632",57.00%
LAB,Stockton North,RFM,0.258,0.124,0.48,0.03,0.057,0.05,0,0,0,"70,242",53.20%
CON,Stockton West,CON,0.224,0.351,0.313,0.033,0.044,0.032,0,0,0.003,"71,868",67.70%
LAB,Stoke-on-Trent Central,RFM,0.241,0.107,0.492,0.03,0.054,0.043,0,0,0.032,"73,812",47.80%
LAB,Stoke-on-Trent North,RFM,0.224,0.167,0.5,0.027,0.04,0.027,0,0,0.015,"69,854",51.80%
LAB,Stoke-on-Trent South,RFM,0.199,0.22,0.462,0.039,0.038,0.025,0,0,0.017,"70,002",58.50%
CON,"Stone, Great Wyrley and Penkridge",CON,0.203,0.412,0.206,0.076,0.074,0.029,0,0,0,"71,561",59.80%
LAB,Stourbridge,RFM,0.228,0.208,0.441,0.042,0.051,0.03,0,0,0,"68,311",58.40%
LAB,Stratford and Bow,LAB,0.345,0.067,0.149,0.053,0.234,0.14,0,0,0.012,"80,735",53.80%
LDM,Stratford-on-Avon,LDM,0.037,0.201,0.313,0.402,0.029,0.015,0,0,0.003,"75,714",69.90%
LAB,Streatham and Croydon North,LAB,0.349,0.091,0.126,0.11,0.204,0.121,0,0,0,"82,829",53.80%
LAB,Stretford and Urmston,LAB,0.334,0.103,0.3,0.055,0.124,0.085,0,0,0,"75,153",61.20%
LAB,Stroud,LAB,0.293,0.187,0.277,0.055,0.126,0.061,0,0,0.003,"77,905",70.90%
LAB,Suffolk Coastal,RFM,0.178,0.197,0.366,0.124,0.103,0.033,0,0,0,"74,522",66.40%
LAB,Sunderland Central,RFM,0.228,0.08,0.495,0.072,0.076,0.05,0,0,0,"76,145",52.50%
LDM,Surrey Heath,LDM,0.036,0.229,0.274,0.417,0.03,0.014,0,0,0,"71,934",66.40%
CON,Sussex Weald,RFM,0.079,0.24,0.377,0.186,0.084,0.024,0,0,0.01,"72,885",67.50%
LDM,Sutton and Cheam,LDM,0.092,0.209,0.268,0.36,0.043,0.024,0,0,0.003,"72,303",65.80%
CON,Sutton Coldfield,RFM,0.19,0.288,0.377,0.054,0.058,0.026,0,0,0.007,"74,080",65.20%
LAB,Swansea West,RFM,0.201,0.058,0.289,0.148,0.072,0.064,0,0.168,0,"74,236",48.00%
LAB,Swindon North,RFM,0.253,0.223,0.38,0.046,0.063,0.031,0,0,0.003,"73,224",60.30%
LAB,Swindon South,LAB,0.318,0.205,0.311,0.045,0.068,0.048,0,0,0.006,"72,575",61.70%
LAB,Tamworth,RFM,0.191,0.206,0.505,0.033,0.042,0.023,0,0,0,"75,055",58.30%
CON,Tatton,CON,0.225,0.321,0.265,0.089,0.067,0.034,0,0,0,"74,237",69.90%
LDM,Taunton and Wellington,LDM,0.037,0.158,0.325,0.427,0.039,0.012,0,0,0,"78,680",63.90%
LAB,Telford,RFM,0.256,0.13,0.491,0.037,0.057,0.03,0,0,0,"73,808",55.20%
LDM,Tewkesbury,LDM,0.047,0.204,0.265,0.399,0.065,0.019,0,0,0,"73,458",66.10%
CON,The Wrekin,RFM,0.163,0.238,0.413,0.083,0.069,0.029,0,0,0.006,"78,942",63.40%
CON,Thirsk and Malton,RFM,0.131,0.282,0.394,0.093,0.073,0.027,0,0,0,"78,468",63.50%
LDM,Thornbury and Yate,LDM,0.05,0.229,0.293,0.367,0.047,0.014,0,0,0,"78,192",68.30%
LAB,Thurrock,RFM,0.244,0.133,0.508,0.031,0.051,0.028,0,0,0.006,"73,392",51.20%
LAB,Tipton and Wednesbury,RFM,0.198,0.169,0.5,0.021,0.045,0.052,0,0,0.014,"74,098",43.00%
LDM,Tiverton and Minehead,RFM,0.045,0.198,0.342,0.342,0.052,0.021,0,0,0,"72,087",65.90%
CON,Tonbridge,RFM,0.101,0.297,0.322,0.071,0.157,0.052,0,0,0,"72,799",69.10%
LAB,Tooting,LAB,0.387,0.144,0.124,0.09,0.138,0.114,0,0,0.002,"76,168",69.50%
LDM,Torbay,RFM,0.036,0.185,0.378,0.355,0.032,0.014,0,0,0,"76,185",60.50%
LAB,Torfaen,RFM,0.22,0.094,0.388,0.065,0.062,0.055,0,0.111,0.003,"71,738",49.80%
CON,Torridge and Tavistock,RFM,0.094,0.222,0.379,0.221,0.057,0.024,0,0,0.004,"74,727",68.00%
LAB,Tottenham,LAB,0.391,0.047,0.111,0.05,0.221,0.147,0,0,0.033,"75,906",52.90%
LAB,Truro and Falmouth,RFM,0.25,0.185,0.288,0.127,0.093,0.052,0,0,0.005,"72,982",68.90%
LDM,Tunbridge Wells,LDM,0.058,0.193,0.255,0.417,0.05,0.021,0,0,0.006,"78,738",68.90%
LDM,Twickenham,LDM,0.068,0.106,0.161,0.559,0.071,0.035,0,0,0,"74,980",71.50%
LAB,Tynemouth,RFM,0.323,0.117,0.348,0.056,0.088,0.062,0,0,0.006,"73,194",66.20%
LAB,Uxbridge and South Ruislip,RFM,0.219,0.255,0.323,0.038,0.103,0.062,0,0,0,"74,745",61.40%
LAB,Vale of Glamorgan,RFM,0.221,0.208,0.296,0.059,0.056,0.04,0,0.12,0.001,"74,465",61.50%
LAB,Vauxhall and Camberwell Green,LAB,0.377,0.058,0.129,0.111,0.197,0.128,0,0,0,"77,527",48.40%
LAB,Wakefield and Rothwell,RFM,0.264,0.112,0.44,0.071,0.066,0.048,0,0,0,"75,067",54.20%
LAB,Wallasey,RFM,0.341,0.074,0.355,0.045,0.106,0.079,0,0,0,"74,082",57.70%
LAB,Walsall and Bloxwich,RFM,0.175,0.105,0.397,0.023,0.059,0.223,0,0,0.017,"74,951",49.60%
LAB,Walthamstow,LAB,0.409,0.043,0.108,0.042,0.234,0.152,0,0,0.012,"74,474",61.30%
LAB,Warrington North,RFM,0.261,0.096,0.471,0.059,0.056,0.048,0,0,0.008,"70,601",56.70%
LAB,Warrington South,RFM,0.276,0.168,0.365,0.074,0.06,0.051,0,0,0.005,"78,394",63.40%
LAB,Warwick and Leamington,LAB,0.324,0.162,0.257,0.079,0.117,0.06,0,0,0,"76,294",64.50%
LAB,Washington and Gateshead South,RFM,0.254,0.071,0.534,0.039,0.051,0.044,0,0,0.008,"70,972",52.20%
LAB,Watford,RFM,0.246,0.196,0.271,0.163,0.07,0.054,0,0,0,"73,100",60.80%
GRN,Waveney Valley,GRN,0.047,0.182,0.322,0.02,0.404,0.025,0,0,0,"73,056",67.20%
CON,Weald of Kent,RFM,0.125,0.278,0.411,0.066,0.096,0.023,0,0,0,"75,987",66.70%
LAB,Wellingborough and Rushden,RFM,0.225,0.187,0.446,0.036,0.068,0.039,0,0,0,"77,542",56.70%
LDM,Wells and Mendip Hills,LDM,0.04,0.167,0.276,0.436,0.048,0.013,0,0,0.019,"73,538",68.50%
LAB,Welwyn Hatfield,RFM,0.271,0.249,0.307,0.063,0.076,0.035,0,0,0,"75,259",64.40%
CON,West Aberdeenshire and Kincardine,CON,0.055,0.319,0.206,0.11,0.028,0.015,0.266,0,0.001,"72,994",67.10%
LAB,West Bromwich,RFM,0.269,0.128,0.428,0.037,0.064,0.049,0,0,0.024,"74,025",49.30%
LDM,West Dorset,LDM,0.028,0.216,0.253,0.434,0.046,0.017,0,0,0.006,"75,998",69.20%
LAB,West Dunbartonshire,SNP,0.24,0.036,0.219,0.024,0.046,0.067,0.367,0,0,"69,074",57.30%
LAB,West Ham and Beckton,LAB,0.338,0.088,0.212,0.05,0.13,0.158,0,0,0.023,"78,964",46.00%
LAB,West Lancashire,RFM,0.302,0.119,0.385,0.047,0.087,0.06,0,0,0,"74,081",59.70%
CON,West Suffolk,RFM,0.141,0.247,0.431,0.078,0.07,0.027,0,0,0.005,"77,145",59.80%
CON,West Worcestershire,RFM,0.077,0.256,0.317,0.222,0.101,0.027,0,0,0,"79,246",69.00%
LDM,Westmorland and Lonsdale,LDM,0.027,0.114,0.212,0.597,0.035,0.015,0,0,0.001,"72,029",68.80%
LAB,Weston-super-Mare,RFM,0.236,0.191,0.397,0.077,0.069,0.031,0,0,0,"71,396",59.40%
CON,Wetherby and Easingwold,RFM,0.165,0.306,0.319,0.063,0.11,0.036,0,0,0,"74,314",70.30%
LAB,Whitehaven and Workington,RFM,0.316,0.121,0.461,0.032,0.041,0.028,0,0,0,"73,198",57.20%
LAB,Widnes and Halewood,RFM,0.369,0.06,0.397,0.044,0.059,0.072,0,0,0,"70,161",54.30%
LAB,Wigan,RFM,0.266,0.063,0.49,0.04,0.044,0.055,0,0,0.042,"77,538",52.70%
LDM,Wimbledon,LDM,0.123,0.161,0.137,0.479,0.056,0.043,0,0,0.001,"76,334",72.00%
LDM,Winchester,LDM,0.03,0.207,0.181,0.506,0.056,0.019,0,0,0.001,"78,289",72.90%
CON,Windsor,CON,0.124,0.314,0.23,0.22,0.065,0.027,0,0,0.02,"73,334",61.70%
LAB,Wirral West,RFM,0.283,0.185,0.304,0.062,0.103,0.062,0,0,0,"72,838",68.60%
CON,Witham,RFM,0.14,0.27,0.41,0.062,0.081,0.025,0,0,0.012,"78,991",64.10%
LDM,Witney,LDM,0.053,0.23,0.266,0.389,0.041,0.018,0,0,0.004,"75,448",67.00%
LDM,Woking,LDM,0.049,0.192,0.214,0.482,0.043,0.02,0,0,0,"72,969",66.00%
LDM,Wokingham,LDM,0.037,0.239,0.205,0.457,0.043,0.019,0,0,0,"75,082",71.90%
LAB,Wolverhampton North East,RFM,0.241,0.176,0.474,0.031,0.047,0.03,0,0,0,"70,715",47.10%
LAB,Wolverhampton South East,RFM,0.293,0.106,0.472,0.026,0.056,0.048,0,0,0,"77,473",43.10%
LAB,Wolverhampton West,RFM,0.288,0.199,0.331,0.037,0.072,0.055,0,0,0.018,"77,851",56.10%
LAB,Worcester,RFM,0.248,0.175,0.33,0.077,0.114,0.055,0,0,0,"74,931",61.40%
LAB,Worsley and Eccles,RFM,0.262,0.098,0.443,0.043,0.09,0.06,0,0,0.005,"78,643",54.10%
LAB,Worthing West,RFM,0.253,0.226,0.353,0.054,0.077,0.033,0,0,0.004,"77,039",66.20%
LAB,Wrexham,RFM,0.202,0.162,0.327,0.063,0.044,0.035,0,0.168,0,"70,269",57.50%
LAB,Wycombe,RFM,0.261,0.209,0.278,0.095,0.071,0.061,0,0,0.025,"73,415",60.80%
CON,Wyre Forest,RFM,0.157,0.224,0.458,0.057,0.061,0.026,0,0,0.017,"77,329",58.40%
LAB,Wythenshawe and Sale East,RFM,0.324,0.091,0.339,0.051,0.118,0.076,0,0,0,"77,767",50.30%
LDM,Yeovil,LDM,0.032,0.138,0.32,0.439,0.052,0.012,0,0,0.006,"79,918",61.30%
PLC,Ynys Mon,PLC,0.112,0.194,0.209,0.024,0.027,0.034,0,0.399,0,"53,141",61.40%
LAB,York Central,LAB,0.349,0.089,0.248,0.072,0.144,0.096,0,0,0.002,"79,557",54.50%
LAB,York Outer,LAB,0.31,0.2,0.29,0.108,0.062,0.028,0,0,0.002,"76,228",67.00%